<?xml version = "1.0" encoding = "utf-8"?>
<!DOCTYPE hibernate-mapping PUBLIC 
"-//Hibernate/Hibernate Mapping DTD//EN"
"http://www.hibernate.org/dtd/hibernate-mapping-3.0.dtd"> 

<hibernate-mapping>
   <class name = "com.model.Assessment" table = "Assessment">
      
      <meta attribute = "class-description">
         This class contains the Assessment detail. 
      </meta>
      
      <id name = "aId" type = "int" column = "assessment_id">
         <generator class="native"/>
      </id>
      			<property name = "uId" column = "user_id" type = "string"/>
    			<property name = "eId" column = "exam_id" type = "string"/>
      			<property name = "examName" column = "exam_description" type = "string"/>
              	<property name = "level" column = "competency_level" type = "string"/>
              	<property name = "score" column = "score" type = "int"/>
              	<property name = "start" column = "start_time" type = "timestamp"/>
              	<property name = "stop" column = "stop_time" type = "timestamp"/>
              	<property name = "issueRaised" column = "issue_raised" type = "string"/>
              	<property name = "issue" column = "issue" type = "string"/>
              	
              
   </class>
   
   	
  
</hibernate-mapping>