<?xml version = "1.0" encoding = "utf-8"?>
<!DOCTYPE hibernate-mapping PUBLIC 
"-//Hibernate/Hibernate Mapping DTD//EN"
"http://www.hibernate.org/dtd/hibernate-mapping-3.0.dtd"> 

<hibernate-mapping>
   <class name = "com.model.User" table = "User">
      
      <meta attribute = "class-description">
         This class contains the user detail. 
      </meta>
       <id name = "id" type = "int" column = "id">
       <generator class="native"></generator>
      </id>
      <property name = "userId" column = "user_id" type = "string"/>
      <property name = "firstName" column = "first_name" type = "string"/>
      <property name = "lastName" column = "last_name" type = "string"/>
      <property name = "email" column = "email" type = "string"/>
      <property name = "password" column = "password" type = "string"/>
      <property name = "empType" column = "emp_type" type = "string"/>
   </class>
</hibernate-mapping>